_id,title,description,mainImg,carousel[0],carousel[1],carousel[2],sizes[0],category,gender,price,discount,__v
673efd684f99db75f01eef83,vivo V9 Pro,Buy it now,https://www.allhomeproduct.in/wp-content/uploads/2019/06/Vivo-V9-Pro-Nebula-Purple-64-GB-4-GB-RAM.jpeg,https://www.allhomeproduct.in/wp-content/uploads/2019/06/Vivo-V9-Pro-Nebula-Purple-64-GB-4-GB-RAM.jpeg,https://www.justjaldi.com/image/product/8259/LARGE/0/21362?t=1634452510,,45*50,mobiles,thing,9000,20,1
674026d118d1fe9e47d77f15,samsung galaxy s24 ultra,"Meet Galaxy S24 Ultra, the ultimate form of Galaxy Ultra with a new titanium exterior and a 17.25cm (6.8"") flat display. It's an absolute marvel of design. The legacy of Galaxy Note is alive and well. Write, tap and navigate with precision your fingers wish they had on the new, flat display. With the most megapixels on a smartphone and AI processing, Galaxy S24 Ultra sets the industry standard for image quality every time you hit the shutter. What's more, the new ProVisual engine recognizes objects — improving colour tone, reducing noise and bringing out detail. A new way to search is here with Circle to Search. While scrolling your fav social network, use your S Pen or finger to circle something and get Google Search results. Victory can be yours with the new Snapdragon 8 Gen 3 for Galaxy. Faster processing gives you the power you need for all the gameplay you want. Then, manifest graphic effects in real time with ray tracing for hyper-realistic shadows and reflections.",https://m.media-amazon.com/images/I/71CXhVhpM0L._SX679_.jpg,"data:image/jpeg;base64,/9j/4AAQSkZJRgABAQAAAQABAAD/2wCEAAkGBxAPEBEQEBAVEBUVFRIVFhUQFQ8PEBcWFhUWFhYXFRYYHiggGBolGxYVITEhJSkrLy4uGB8zODMsNygtLisBCgoKDg0OFxAPFS0dFR0rKy0tLS0tKy0tLSstKy0tKy0tKy03LS0tNy0tKy0tLS0tLS0tLSstLTcrKystKysrLf/AABEIALUBFgMBIgACEQEDEQH/xAAcAAABBQEBAQAAAAAAAAAAAAAAAQQFBgcCAwj/xABDEAABAwICBgYFCwIFBQAAAAABAAIDBBESIQUGMUFRgQcTYXGRoSIyUrHBFCNCYnKCkqKy0fCT4SQzQ2NzFVOzwuL/xAAXAQEBAQEAAAAAAAAAAAAAAAAAAQID/8QAHBEBAQADAQEBAQAAAAAAAAAAAAECETEhQRID/9oADAMBAAIRAxEAPwDKkIQtIEIQgEIQgEIQgEIQgEIQgEIQgEIQgEIQgEIQgEIQgEIQgEIQgEIQgEIQgEIQgEIQgEIQgEIQgEIQgEIQgEIQgEIQgEIQgEIQgEIQgEIQgEIQgEIQgEIQgEIQgEIQgEIQgEIQgEIQgEIQgEIQgEIQgEIQgEIQgdaLo+vkazFhB2naeXateo9TKARUxEDTcuDnPAlc44CRfEDvG6yyHRk2CVh7Qty0RPioi7aYy2QfcIcfK6xlWormkOjuikzjD4Df/Te4t5tkxeALVWNIdHVVHnDIyYZ5OBgk8y5ni8LWpGZkDioLWHWSmoGRvlxvMhcI2RNBc4MsHOJcQA0EgX37rpLTUY7pDQ9TTi80EkbfbLcUX9Rt2HkUxBWzaD1qo612CJzo5SD83KBHK4AXOBzSQ/LcDe2drLvSOrVHPcyU8ZJ2ua3q395dGWuce8lX9GmLoWhaQ6PIznBM9n1ZAyZviMBaPxKs12qFbF9Bso4wuueTHhrzyaVrcTSCU5T6qVj4RUOY2GImwfM7ANhNyBdwGRzITDR7TFOBKwtcLkNkaWOBGd8Ls9gI5rZqNoqdHzR7fRxDln7rqW6WRj8+gKpoLmxdc0bX0xbUsHa7qySwfaAUYCr7oyijfEx1sL2FzcTCWPBabXuN9rLqupZH/wCYWVWVv8WwSSf1m2lHJyu00oKFY6rRNOb/ADc1Ocs4i2si7TgcWvaPvuUcdDucQIZYp7kgNa4xS5f7cwa4n7OLvTYjUL1qad8TsErHRO9mRro3eDgCvNVCISoQIhKkQCEIQCEIQCEIUAhCEAhCEAhCEAhCEAhCECtNiCtp6PqsyxGMC+JliTk0XFuaxVaf0WVtsI4Gyzk1F/0SzGxgcfSwlhP1mXjJ8WrPOmyktLR1DB82Y3RZbGuBD2jmHO/AtDv1cszRukDx9mRoP6g9VDXWiBEnWBzqaa2MtzfDKD6Mrey5zG+5HALO1Y/UgswvY/MWcHMLmua4Z5HaHA2zC2PUzThr6Rkrv8xpMctrAF7QDiAGwOaQe/ENyx/TOh6mmOEsMjDm2SMF8bxuII2dxWj9DWj3wx1DpmkNldFYO4NEgJ54x+HsWsrLxIs8ukYBKITPH1htZmNmP0hiAtfaQQbbbEFcTrMukmPDXTzNB6uV7nNvkWuFhJG7gWuzt7LmHerbqXpZ9XRNfIS57HOic45l2ENcHE7zhe0E7yCd6yuzysga9paQCLEC+YF94GwHtT3o9qvRwO4Frr9mRTaZMNXiGVkjXbMQeB9H0tpI77oPKCMRVVTBfLFjb2/RPuCdviul6QoeprIp25CRtsuNv/nzXnQ1YkHat48QyqobKMqqdj8ntDu8Aq0TwXCgquHCVVeNHQf4eYtqpIGRNLix4bVUwYAST1EgINrblH1WiSS0/J45myND2S0Mhpi5oNnfNyYmXGV2tw7fCf1beBUBjgC2RroyDmDcZA88uasrdXY2UwgpxgLHOkixFzrPJJIJNzhNyD2FZviMmqNHsabdaYSSbMrI30rsuDxijPeXNXhPo+Zjcbozg9tuGSL+owlvmtRDRIwXbkbgtcAbEGzmuHEEEKJm1cp7l0TXUziLYqZ7oD4N9HyV2aZ0lVtr9XJjctfFP/zR9VJ/UitiP2gq3XUj4XYZIzG7bYubILXNiHDcbHbnkrKmjZCEKoEIQgRCVCBEJUIEQhCgEIQgEIQgEIVo0Jq62phlc2MyFj2DrBJhydcDCy1to2m+0ZBOKq6t3R7V4JrdoP8APFVaoa0OIaHADKz8OIEbQbZHO/BSOrE+CpZ25KZcJ1vFePnGPGySIg9ro3At/K56blwscVrWN72tbfe+5ernYqaCQ7WSMv2B943Hus66cUtC2WzX5tLrEbsgSAeYC5tKZpcaLpJGtkqfkzn2d1TDI4WOwua1jsAI2XspiklidG10DmPjN8Lo3New2yPpDaeO/isl10ikOlK1js3md5zy9EgOj2/7eFMtW9Y5NHzB+bonECWMfSHtAHISDceRyK1+U21jS2gYqy4c27nWxAAPa62wuad4zs4WI42XnR6NipYhDCzA0Em3Fx2k9v7KXoqkAtkYQ9rgC0tzDmuF2kHgQQR3rw0hKHvc4C2djmDY8DbesqhqhRMj8FTC/wBoFh94+Kl6lQulh6GIbWFrvA5+V1RZdfoOu0fHMNsZHht+HmqFR1ZYQQVptA0VWj5ott2EjlmFlkdI8RY7Xa1zoyRnZzdx4ZEeKuKVcqCrEjV4aRgvmq5o2uMbhwVn6wPAI3rYgmuMb2uG1pBHeDdaJSVrXuIB4OHc4Bw8iqRWQb0v/UHQmB98i10Z72G4/K9o5KZRVr0rTBkmMZMlIDuDZbWDu5wyPaAo97LZFS9HUsqoiw5hwt/fvTKWIkG/rs9F/bwd4W/gWBHuaqtrtTXZHKNxLDzGIE91nfiVuc1RmnaTraeVgFzhxNHFzfSA5kW5qozVC6SLoyRIukiBEJUiAQhCBEIQoBCEIBCEKgWgdHUwEMzGkguBJzO0EfANVAVm1CqcFRh3Oy8R/YLOXGsevHXKhZHIyRjcPWYy7aRjDgSey+IeChqCXBLG/g4HzVu1zhvCT/25AeTrtPnhVLSewvX0JoT5+ikjvmWOAI23tcH3L0hqy5l2nDja14PAkBwy7DuUR0a1uOJue5v7H4J6W4C5nsSSM5YsTfyuauasy14opKpzpQP8TCMM0f0pIx6krPaIBsRtIsexZ3UTl2Xd+y+gdKaKiqcLnXZI31ZGZPH7hRB1M+c62aON+8yCEte7tP0VZTR9qQwf9Kg69/VvbA8B5yDc5GwuPc0xHkDuWP09dLQSh7LsfGcMsZ9EEtJDonAH0hkc9xzFiAVtlmhuCwLbYSDmCCLEHsVR0xqRDUPDnPIGQxA4ZcIyDXEgiSwsATZ1gASbJKmksZmyMZIz1XsY9t9uF7Q4X7bEKOqW4gQd4I8VJmBsbGRsFmsa1jRts1oDQPABRs6Knujqr9EMd2tPLJRujIhBXV1I4AtcRIGkXBF8Dst/0E31UqOqqXt7Q4fe2+akddW9RpKkqRk2UdW7txDCPzBqToitO6qkXlpgSNpj2uH2eI7NveorRNYWnA7ktBp5kw01q8yovJFaOXbwY/7Vth+sOd10RAVcgsoitkxQyN3tLZByOBw8Hg/dTohzHOilaWvbtDtvf2jtCbyht7EWDgWk8A4FpPmivXVvTRjcATkrnVVFw2dv2XjiNyyCKcsdnkRke9XfVvTAc3q3Zgiy52EWGZg2jYdn7LxIXpSO2sPI+4+aHssSFJdljK9K0vUzyx7muIFvZPpMH4S1NbKz680uGaOUbHsLTwxMPvIcPwqtWXWcZriyRd2SWVRykXVkiBEi6Qg4QhCgEISqgQhCAT7Qk/Vzxu7R77/BMl1G6xB4EKVY0TWOHGydozxRlw7wMY8wFnK0vrccVPJxaAeWRWdVMPVvez2XOb4EhZwXJo3RVWW9DgSOW0eavelo7Tv4PbHIO8XY/wB0ayHUKs6uctuRizBFiQRsyK2PShxNp5Rvxxk9jm4x+ZgHNZvVhhWxvhp6iqGfyeGWYN3Oe1jywHsBbe3csLmmqcXysvlxuJ+fDpGvLt9ng3HcFvdbphkEBL242OGCQD2SbXPZYuHMLBdOUslJK6lLy6MHFGQcQfG71JG7jdvmCtYavWctrzqXrWau9PUEdc0FzXgBvWtAu64GXWNGeW0AnIg3szisMo651NURTMzMcjXgbL4SDY23EZHsK3WpaGvc0bA5wHcDZZymlhnOoupClZVGVIUVHwSYKiJ3G7T7x8VaukCAzaMZM31oiHA8LZ+8BU+uyGIfRId4HPyutB0WBVUE0W27CR4XCoh9HVokYyQbHNa4cxdS0EyomqNWREYXHOJ74zyNx5EK1QTLe0SOktGxVbA2QWcPVe2we09h3jsOSoWmtGy0zsEouD6kjfUd+zvqnz2q9wzpzM2OZhjkaHtdkQ7Mf2PakoxDTMeGUnc8B45+t+YOXNBVlhVh100D8nkjaH3jcJDGXZvFi27HcbXuDvxHhnAspomZyOc4Dcyw8ypYLjo7S7XBricxt27FYYZw8do2ZjZwt38FljNNiE/NQM75i+TyBaFYdA6efO/07BwtYMAY0dw4kX8FiY+rtL65UuOlc7fG4ScMhdr/AAa5x5KgELWZWNlYQ4Xa9pBHY4WPvWVPiLC5jvWaXMdu9JpLT5grpizXlZJZdkJCFtHFki6ISFQcoSoQeSEJUAhCEAlQhAJbISoL3oKXrKLtY73i6rGsUWGocfaDX+IsfMFTOpMt2zRcW3HeDf4pnrTF/lP7HsPIhw/U5c8fK3eI3Qs2CeN3aAt0hkx6Pc7aY8Mn9NwdbmAQsBYbEHgVu2o0nWQ4Sbh7DlyF+XpDwPK59SG9QAcUbgHNNwQcwQqXpnVklnVOYaiAEmMsI+UwXzIbf12k7v4babgNB2gYT3sJYfNpXHWLCqBoLUVjZRK973tabhskZi5G+3l5K9PddK968nFBxIo+pCfPKZ1AQRM7b3HG4Vr6OqvJrD2tPLJVadPtUKnq6hze0OHPI+aCG0tH8i0rUxbGvIkb42PwVhpZ7gFM+mKlwVNJVDY/0HHvFvgEw0LWXFitC1RTJ5HOoWOROGSoK50m1WdIP+Y/+MfEqqDNTHSLLeSAcGPPi4fsoGifcd2Su/EMauLCbeC9tFVBY9pBsbjb3j+cin9TTdY22/coM3abEZjipBsmhpxJC0j+b/iqZrbS9XVvO6RrZBwvbA4Dm2/3lI9H+kMbXRk52xcwbO53IP3gnWvdLeOKYbWOLSfqyW/9msHNX6VSiEhC9CFyQujLzISELshclBwhKlQN0qEKAQhKgEqEoQCUICUIJzU+fBUtG52XiLfspPWWD5qQew9rvMtP6lWtHy4JWO4Efv8ABXjTUOPGB/qRm3eW3HnZc75W5xQAFrXRjW3jYL7LA8rtA8S1ZOFcej2tLJDHfLE128HaDlY8QOV1rPiRftMxYJpW/XxD7LwD+oPUa4qd1lZ6bHjY+LM8XRuuB4Pd4KAcVzUjivNxSkrglBy4ptOvdxXhKgjKgLwopcFRG7jdp94+Kc1IUbUGwxeyQ7wP7XVF16SKT5VogvGborOHHLP4LNNFVlsD9xAPith0MBU0U0JzxMNvC4WHUTDHjiO2N72Z9hy96QaFTvu0EL3DlCau1l/m3clOPjsgomvUl6hg4RN83PULo+Sz7ccue5SOub71ThwaweV/ioHFbMblU+rRCEx03o+46xo2et+6lKb5yNsg3jPv3jxUhTRhwsQo0gdQasMq2scbYsVuF8Ju3mLHvYFpWmKPr6eWIbXMOHscM2Hk4ArKdPaOfSStkZsuHNPAg3A8lr9LKJGMeNjmhw7iLhKjKGuuAeIB8UEJ/pql6mpnj3Yy5v2ZPTFuwYi37qYldow8yFyV6FcFByUIKEDdCEKBUIShAJQhKEChKEBdBUAyz4Zq/NlxQU8nAWPJUMBXDV+THRubvY73/wB1zzaxVithwSyM4OcB3Xy8rJ/qzPgqGduXxXGno7TYvaa13gMJ/SmlLJgex3BwK1fcU+t00j85SQyew9o5PBjP6r8lWnqwaDPyihljBzLHW77XCr07rnENjgHDucL/ABXJp5krhxSkrzJQI4ryeuyV5uKBlUhRso3KTqAo2ZUXPo5rMmtJ4tPLJZ5rnQ/JtK1MdrB9pBw4f3Vm1OqurnI7Wu8cj5hJ00UeGajqwMneg494tn4BBU6KYscHDcr/AEMrZYw5Zy0qw6v6S6s4SclFVLW53+Mn7HAeDGhQpKktNv6yeV/tPefNMOrKsrOll1LqA7HA77TfcfgrMylLSqFoeQwTMk4HP7JyPktVpmB4Czb61DOs0W2oiLHDuPAqS0BEWU0UbsixuD8BLR5AJzTQ2Tnq7eP89yopWvlLaSGYD1mujce1t3s8jJ4KrlaHrfS9ZRykbY7SjK/qZut3sxjms8K64XxiuSuCuyuCtI5KEFCBshASqASpEqBV0EgShAoXQSBdBUdBWXUyS5mi9ppI5Z/FVoKX1YmwVUfbkeeXxWcuLOnGn2XbG72S5p55j3OUNZW3WKC8T+LSCORwnyuqoEw4uXWu9GlZiY0He0fsU20lD1b3M9l728g4lv5S1Q3RnWYXYeDiPFWnWyHDO87nBjx2kgtd+li5KgXFcEpXFeZKBCV5uKUlcEoPGZRs6kpVH1AQc6MmwTxnjdvjmPcVc+kSj+V6Hc4Zujs4W25Z/AKgvdbPgQfA3911qWgSKmjliOeJht4XCDFaaTExruIB8k4Y+yZ0URj6yE7YpHsz4XuCvZxUU1+T4xfiXfqK6bR9ik9Hw3jae8+JKc9Qs7VDtpVdNWaq8bWna30fDZ5KBMCe6McWO7/h/CoL5BmnEjcimGjJsQClQ1alQwc0EEEXByI7DtWSz0xhe+I3vG5zM9pDTYHmLHmtdss813pOrq8Y2Ssa77zPQd+Xq/FdML6zUAVwV0VyV1ZclCCkQNwlSIUHSUJEIOgughCBQughCo7C9qV5a9hG5w/dCFLxYu+l/SLm7nsN+bVSQhCz/Nclh1KmLaggfVPnZafrY0FkD95bIzlYP97fNCFnLqzioOK4KRCyOCVwSkQg83pjUJUIGD9qv/RxUHCwdlvBCEGd6307YdLVbG7HAP5g4VGyIQpVib0XGOpj+yPcngjCRCwpTEFy2MApUIJrQkxvbgVbYMwhCRKazts496qfSDADBFJvZKB3h7XAjxDT91IhdIlUMrkoQu7DkoQhB//Z","data:image/jpeg;base64,/9j/4AAQSkZJRgABAQAAAQABAAD/2wCEAAkGBw8QDxAQEBIPEA8QEA8QDw8VEA8PEA8RFRcWFhUSFRYYHSggGBolGxUWIzEjJSkrMDIuFx8zODM4NygtLisBCgoKDg0OFRAPFSsdFR0rKy0rKy0uLS0rLS0rKy0tKystLSstKy03Ky0tKy8rKysrKystLSstLSstKystKzcrK//AABEIAOEA4QMBIgACEQEDEQH/xAAbAAEAAgMBAQAAAAAAAAAAAAAABQYCBAcBA//EAFUQAAEDAgMDBQcOCwQKAwAAAAEAAgMEEQUSIQYTMSJBUWGBBzJxkaGxtBQVIyQ0UlNUc4OSs9HSJTM1NkJicnSUssEWgqLCQ0RFY2ST0+Hw8RdVo//EABgBAQEBAQEAAAAAAAAAAAAAAAABAgME/8QAHREBAQEBAQEBAAMAAAAAAAAAAAERAjEhEgMicf/aAAwDAQACEQMRAD8A7iiIgIiICIiAiIgIiICIiAiIgIiICIiAiIgIiICIiAiIgIiICIiAiIgIiICIiCh7WYtUx15hjmfHH6np3gDLYOc6YOPDUnK3xKNOK1vxqXxM+xfTbM/hQ/utN/NUKu7QYyyjgdM8ZjcNYwGxkeb2bfmFgST0DpIUE4cVrfjU3iZ9i8OLVvxqbxM+xcdk29xDPnBhDPgxC3LbozH2T/Er1sztA2thD7ZHglr2XvlcOg9BBBHaNbXIWU4vXfG5vFH9i8OM13xubxM+xQONY5BSNBlJu6+VjRdzrcbD+p6VjhGOQVbS6JxJb3zSLOb4Qip441XfG5vEz7Fj6913xuXxM+xaJcsS5BrYrtlikT2RxTZ3yTPaDIcrWtbEx9uSOknpWudsMe+FpvpzfdUdinuqn+XqPR2qQEd1vmax1cYu2zx4f6Wn+nL91fM7b478LB9KT7q9lgUfUMstfiJ+m4dusd+Gg+lJ91b9PtLtA+Iy+qKRkbb5nOkkaGgakk5LAKsOKuOzmHx1NDJDJmyPeWktOVw70gg8xBAKXmLrUn2l2gbujv6V7JgTHI2SR0brC9g4M5xqPAU/tNtD8NTfTl+4rONmIxQilguDFy4HOOZwlBLsxPWSb+EqBcy7WvAsHaEe8eNHMPgKzi61/wC020Pw1L9Ob7i9/tNtB8NS/Tm+4vpZe2TDXy/tPtB8LS/Tm+4pjYjanEp69lPVSN5MzQ4MJcx7HQSvscwvxa083BRdllsR+W/noPRZlLB25ERRRERAREQEREBERBzTbX8qE/8AC03g76oXPe6XSvkpWOYCdzJncBqchGUu7Dl+kug7cH8Jn91pv5qhQs4DhY+PhZQcQZVjd5Xa2uWaAWJ46846leO57QvjbdwI3jt5bnDA0tF+i5cfEpt+zcAluGxtk423bRL2N+xqlKaBsYs3W/F3Ek9auind0DCJpZGTRgvaGZHNBFxYkgi/hPk7PNgcJmhc+WQFocAMvgvxtz6+TrV9w9sbpWtldljN7nhzaAnmXzrxGJHiIl0YPJPHT/2pqvkXLEuWBcsXOQVraWXJLTvHNUS/Us+1WrZPEqd0U4ldE1zmDKXMzv71/eXaQbnLcXaeBvoQqbtifxP7xL9TGozD6wscNVvnxjr12eGpoQYTaJwijexw3V96dzHZx01O83guV8ny0Alb7nEbYN057obklsnf2LCC4sFzcXINrgqo4XWh7Vsy6q4zK3YKjD2Noy7cEh1MJgYSXDdsqRI6QZdQXPh5ze3UrJgWJUDYwYzGxrw243RGV5L3vjtl1cA5jb8+XiufVMAXyqZzFBFb4eQ/4WK4trrNBMCAVB4vQBs7xwjqOWP1ZBx+3xqN2cxwEAEqyYl7LBcd8yzmnrClZt2KhJGWkg6EaFY2W9UeyND+DgOV4P8AstSyNS7GFl5sUPw2PlYPRZl9cq+exg/DfzsHosyzWo7aiIooiIgIiICIiAiIg5dtvKDib7foQUrHac/s7u3R4VJ22xiSmprxEtllfu2vBs6Nti57mnmdbKAebMSNbWt+2h/ClR+zS/VuVP2twz1VT5AQ1zXB7HHvQ4Agh3QCDx6QOa6g5a9hPL0JJPOC6+mpHEXvxPFdD2HxmSaEtlcXvjfkDzq5zS27bnnIyuF+jL0KmxYLWtJYIiL6FxIDLdN72IV02WwsQMAvfUuc/mc8i3J6gPHdWjLanaF9O5kUIYZXjMXPPJa3UDnGpIPE83XpjsttC+pzslaGyMsbgEBwN+Y8Dp5lntHgLavK6+SRtwHcbjoI5wmA4KKbM4uL3u1c4m5P/mvjKKnC5YFyxLlgXKCMxDD/AFTPTQ5suaaps61wCIGnh2LXl2KrQ/LHC+XS+ZnKbbpJ/R7bKUoz7do/l6r0YLpVBJGWGOTvXOY/vc7XZQRlc24uNVqM1xyiMlPKWSNexzDZ7HNLXNPQQeCs+VwALgRmY2Rt+djtQ7wFdBNLFna+F8tNlnZLI1guKhrQxuR9zws02F7DMdFC1+JincwPNRTBpgJmZGHtqGsFjCXZhYX1F9OUbha1nFKq5uYA3UZXbySOGONjnyPneGMaC5ziWs0AHFXbEtoWGKQRPlbNvXTxzZG3tvjI2mPPkBIfe/fC3BQO2mLxQVdE6N74Iaead73xNiqCyadgfLla7kyNGYR296wpqY0cNw+ujc+9PON0AZOQbNBGYG/A8nXS+mqu+CV7zGwuDgyXMI3Ecl+UgOseexKpcePYS3evpnPp6gtaxsraN25/FlsskEO9tTufmy3OawBsBdSku18E0NKI4XQOhe+0YlL444ssbWsZyRocnZYnUu0azkiyPopGveQx2UF4dp3paLuB7NVqVtKY3WII6jxB0uCO0eNSH9o4X59zvXGU1UoOTKYnyMsxuhN7G/K8C32bQsc8kOlcJJs72kDktDAN3xN7OBNuGihzkqsFq1tkpA3G7nhv6VvC+rqeVo8pCn8Xq2vZEwSSSujdMXPeLEh2SwGpJtlKrmzv5ZH71Q/VPUvjrHc0RFFEREBERAREQEREHJduD+E6jwUv1blByStaHOc5rGMBc97jZrWjnJ7R2kAcVNbfNIxKa4IzMpXDhqMkjbjtaR2Ln230zhSMAuGuqBvOuzHFgPaXHsUHsu1eHZ7ZZiL/AI3cMy+Gxfmt2X6lPwVDJGNfG5r2OF2ubwI7dRwOhAIsVytsQkZyRGDGOUc1nO1vm1OvZ0KzbCSOELge933J7WHPbtazxLVmGreXLElYlyxLllWRcsC5YlyxLkHlI725R/L1Xo4XQKZ65uJLVFGf+IqfqGq90U63PGL6nY3LZLYnMyvAcCLOBFweNwRwtwUfE9fUuVELiuyVMQ99MXMdYlkRcd051jYXsSwE24X0JsFR8eoaYF9NNHPvGSNfFoe9ynM8lpAykgtBFxoumPmXKNsca3+JOjaeRTx7q/S++Z/iJy/3SrErSo8JpQYTKXNAad+dAXXjsLBoNiH8/brfT6x1+FxOy5ZSA+YiV28IIG73QLGjgbyE8/J618WC6gsbpix1/wBF2oPQehOqxyn6zaCB8bmxS1IcHMDI+8jc2zS4uaxoHEvHMeS23OrVs7U7xrTxNwTr76zv6rk0DrH/AMsuhbEVObKOo+C7Sb+TKpFsW9R2z35ZH71QfVPUnZR2zrCcaAAufVNEbacBDISewAnsWa6R3BERRRERAREQEREBVTb3HH0cO8hla2VgJ3Rax7XDS2ZvfeIjgVa1xnukVuepltrZxYP7tmedp8aDza2aofUsfUbrevpKJ5DGuY1ub1QcpDidQbjiq/X0zZo3RvGZjhYtvbhwIPM4cx8PSpfaalMNUYnEkxU2HR6kmxEUt7f3i49pUWSoqpf2QYHd/MW+9ysBt0XvZWOgpGxNAADQ0WY0a5QeJJ5yecrYJXhcgyLliXLAuWJcgzLlgXLAuWJcg1MRkyupXdFRP9S1XPCKi4Co2MnSm/eJ/qWq07EVBMrW/pBsu7+VyO3VuvPl7bLc8Yvq8QwEaOdG13OwuOYdRsCAfCV9Z4nstmBGZocPAV8cMewsZYxAZX7zMQJN5yspa48P0LWNuN196uqkkbGZCSbWbyuLRpe3SSDqqILaPEhTU0sx4sYcg9886NHjIXD6GQ78OcSS5xzE8STcknwldU21xuja+GnqGufGC508bYg5zszXBpEmcZLBw0se+BGuopWH1uDtDN9BLm9jc7JvRkeGnOM7pSXNLibWA0yZrkG90bELV9a2gE0Zbz8WnoKlYzSGnA3bxPu7BwzWc4ueQ4nNbgW35PNYAcVNskw91yI5A4nTk5YxyRYZGuvlDr31v19OazI45PAWOIPEHVXLuctLnu1/FOJcP1ZGWHljCm8focNa903qdzm35LTvXZhl5/ZQAcxPMdLWsbkxWxEbPV9QYA5sG7cWMJJIGZoAOpva7uJKsasXqy09k/y787T+izLfsorASRjYsSD6poRcaaGF4I7RcLNWO3oiKKIiICIiAiIg+dRKGMc88GNc4+AC64nDCarE6eM6552l/W1pzP8AICur7XVO7o5TzuAZ4zr/AIQVzzuZU29xKSU6iCFxv0Peco8mZFfHujNIxKckWzNo3N4cpuSUX8YcOxVkuVr7qX5QPyFJ56pU8uURmXLEuWBcsS5FZFyxJWJKxJQZFyxJWJKxJQauMcKb94n+patvBqgskB4ajwhaeKatpv3if6pqksHhYGSTPbvMj4oo4ruDXyyCQguLSDlAidoLEkt1tdbnjN9dEo63OA50cT3HUvIeCT0kNcGk9dvCvrWVYa10kh0a0k8BYAaAAcOgBKWmLZPU72MEmQvY6Nj2A5cwe3ISb6seAeewPAqE7p1XHFFFFCXnO0GU5CG5gBZt/fXIJbzWHSiOUbQVTpqiSV3Fzj2f+eayhZFLyxErXbQklaRdcGbvKaJ36gB7NFJUsJBWtsfF7Xy+9e4dh1VkjpVFfN1EJIy0i/R4Vq7P4QIHTOt32RoPVqT/AEVipIVlVxgAW5yVBq2URgLCcbAAufVNCbacBDISdegAlTNlG7L/AJe+dp/RZk6WO0IiLKiIiAiIgIiIKV3TavLDHH0lzz2cked3iWr3IKO1PUTkayzZB+zGPtcfEofuo1t5y0cI2tb22zf5/IrzsLRbnDqVlrExiR3hku//ADIrn/dUPt8/IUnnqlTC5XHurn28fkKTz1SpJcojIlY3XhKxJRWRKxJWJKxJQZErwlY3WJKDGuFxS/vFR9S1TGDVcUbZRJvbl1PJEY93dkkTnEPu7gQHEDQ6Pcoio19S/vFR9S1bIC3PGavmCYmxsUYa6okbLLLFNNI+ON8MeVjy0Ekixu92p1yu0uARBbQUbHuqy0Xj3cEsUm+bOzeuextonADklpkGouRGCeFhH0M8jTkYRaSwkY5jJI3tGvKa4EG3MeZTrpXOjdHkhaxxYSGQxRkZb21aATxPG/FVEFh9FR5GiYPLixzZMjeUHbxxDw4m3elot+qelfX1PRtcwxxEgwSCRsl3gTFnII15n9lrda3XUq+Zp0ErgnqFmcNY8XfyWkvPJDyASb+8yn9rNzWViiFKRoHE6nXNrydBe/vh5T1KnUrMpv1Kw0D72TBLysi03YcNXXvwtzLSrhq3wFb0cd1pYgOWB0NHnKitSyjNmfy987T+izKVsorZr8v/ADtP6LMp0R2dERRRERAREQEKLQx2o3dNM+9iI3AH9Z3Jb5SEHHNonmqrQwcZ52tHge7TyFdwiYGtDRoGgADqGgXG9i6ff4vEf0Yt5MewWb5SF2ZFrjvdZ93H5Gj89UqPdXbuue7j8jR+erVGLlEZErElYkrwlFekrwlYkrwlBldYkrG6IPrJ/qny9T9S1TOFUjJHSbzPkjhklIaWhzstrAEggcegqGP+qfL1P1LVYsFLQ97XEtE0MkLXZS/K59rXA1tounPjF9WDCMOiOUCOFrnsZu2OMzqgtcM13SizGvdcFoy2Gl1I41DAXtdA0tYWNGpbYua1t7Aagi4vfibrZoY4mNj5bXSRsYxspZLezAGtcW8CQALeALyeJmVjWnNlDruylt7m4QRowt5iMthkBcOfmH/vxFDgchJa3KbEtPfN5QvmAzAXtbipFjWBtnBxPbbidOOo/wC/hXynkblIaHgmwvvHHkjgPPog0G4FMQcuQjQXzi1yNPJqsqGJzAwuLSH96Qb8zXeUPae1ZWcOd3NzlRlLI5rgCSQ0kAEkga83QiLxRsuAovFB7K4dAaPIpjCtWA9SiMT/AB0nht4gAitOyidm/wAv/O0/osymSFD7O/nB87T+izLNWOyoiKKIiICIiAqt3Q6vd0mW/fv18DRf+bKrSubd1Ws5ccd+8YXdrjqPE1pQYdyGkzSVdQebJC0/4nf5V0xVLuX0e7w2NxGsz5JT4Cco8jQrag413Xj7e+Zo/PVqh3V77sHu75mj89WqCSoPSV5deXXhKK9uvCV4iD1eLxLoNlvGk+XqfqWq37NUWeQvPCMaftH7BfxhVGDvqT5eq+pC6ts/hpYyOO3Ldq79p3HxcOxdOfGL62qWlLuGgGpPQP6nqWUsGU9IIDmnhcHhpzLdfZttLAG7Izxv79/X1f0467iSSSbk6k9JQazo18HxqWZOWhth3uexuf0gQfOvnNVEttlbqLE246Eec38KCI3V9LaqDr2Fr36cCCeq9jr41czXcrNkaTrY+FQ+K1jmve4NbmdEGZ9czTbKCOsZQQjPXid2dN4WnwKLrDeSQ/ru85UlsxMHxF1g273HKODbm9h1BRkmriekk+VF5ux8bKF2e/OD52n9EmU7ZQez/wCcHztP6JMs1qOyIiKKIiICIiAuK90KrMtVKBreQsA62+xi30Qe1dkrJxHHJIeDGOef7oJ/ouLYbAanFaaM8r2YOf1tj5R/lRY7JhNIIaeGEf6OKNn0QAVtoiI4x3YfdvzNH56tUBX7uxe7fmaPz1a5+VB6V5deXS6K9uvFi668selBmvFhYoAUE7s5CH1WHh3AVFW49eWAEDxgLqXqljTbO0H9oA63+w+Vcz2QberoB/vq30dWfaEWqI2aWzQHhryzKw+Rbl+M2LIayMcXsH95oWBxKAcZYR4ZGD+qruMuipqUyFjXCNkzy3K0mQg6NuQenieAv0Kv0W0VNJTCofGyEGXcFuVrrSc1ixouLc9lr4Y6I7EYBxlhHhkYP6oyriebMkjeTwDXtcfEFCd0Xaqpw+KmNPEyQyPfvC9rntAbbKwBpBu4k681h0hS+FYs1+IU8HqaSJ7oGVLpiwBjC4EGAut3wv5Opc738X8vZamNvF7AetzQo+pkjebBzTyTexDrcLXt2r74ftPikmOz0klOXUDBLb2Cxjaxt2Sbzg4udybdY8KjK/FZZ2eqDRuopn0z7UrgQ7O2SVrXnktJvZp4XPDoJTvUvOrDszI2ONzS5osSQMwXwsubYTX4oKWZ0sRmmEjNw1+RjnNP4y+W2g5j/QKxb4gX4HqPBXUnORZ7KAwH84fnaf0SZfXBKhzpXNLnEBhNi4kcWr54F+cPztN6JMlV2NERRRERAREQQe2VUI6OTjd9mD+YjxNKofcspN5XzzHhBFlHG+aQ2v4mnxqf7p9XaKOPpzPPkDf8yw7kdHlpJpjxnnIB6WRiw8pcir4iIiOL92P3b8zR+erXPrq/92Q+3rf7mj89WufXUHq8ReIr1LrxeIPUXiILNsX7toPlq70ZWnaZvt2HrNJ9ZKqvsQPbuH/LV3oyte1BHq6Hw0f1kq1PEfPbGZsULnObnyRyubH79wIs3q6exU7C8ajNIyR1O0AyblkUbCWBxOk0Y6B26q37dVORpe1udwimMbLXDpARlBA4jqHG1udVPCK2aWBr5mZH3cLZSzM0cHZTqOcdi3Pqrd3RsRxGGOnGHtcXb1+8c2Jsx0/Fts4GwJzXPHh1qcwiuq3V0EUkAZBuGSvnDgQKkizoQOcAE69Sr/dCjxKRkLcPc9hErzKWSCNx4ZLkkckEG4579StOCufvIBIQZLN3hAs0vy8ogdF7rz9eVpHYc3HfX6d78/rblkysc5u4yhvsQZz58/E9BPgUTjk+IGNjq1kEdaadwLYzeMcuXdniRe1jx6LqVwvZrE2Y9NXSTj1G8SAR715ztLcrI93waAeVfq618e6Q52+blOVxpw0O6CTKL+HrWeb/AGn+GfHO8JgxKGnlG99nc9u6c97pMg4Sam+jhfTw9KnHym3XzqD2ew11LG9rn5s7g6wFmtsLXHWefwBb8kq7Mp7Zh953fJO/mYvtgf5w/O0/oky0djnXqH/Iu/mYt/Bfzi+dp/RJkR2JERAREQEREHJu6nV3nc33jWNHizedxXQdkKD1PQU0RFnCJrnjoe/luHjcVWsa2UfV4qHO9ytEU0pIPL4gRN5iSWa9APgV9QF4vUQcW7svu35mj89WueXXTe61hs81YTFFLIBDR6tikcDY1QcAQLEjM24/WCoXrFW/Fqr/AJEv2KCORSHrHW/Far+Hm+6vPWOt+K1X8PN91FaCLf8AWOs+K1f8PN91PWSs+K1f8PN91BoIt/1krPitX/DzfdT1krPitX/DzfdQSmxx9uUHy1b6OrTtG725Ef1qT+eVVKjp62l3FS2lmeaeaoL43slg5L4gwOzFhAGp8SyqdoK2pma5lEXOG7IY2cyOO7Lnc0f6x8S1BZ9r36w9Yl84VafKssWrsUn3f4MqG5A8XvK6+Yg/BacFGOp8UP8As+o8Uv8A01056mDrNS/lO8JWeEv9sR+E+YqkTbSYo4k+tM4uSbZptP8A8llRbTYpHI1/rRUHLfTPML6W47lefqfK1sdhLlzvukv9mj+SZ/NIvj/8g4p/9LP/AM2b/oKubTYxila9rvWqoiytDbXlfexcfgh77yLl/Hx1LtXrqWNJ8q+D5VrmmxQ/7PqPFL9xYGhxT4hUfRl+4u7C0bDOvUv+Qd/OxSuC/nF87TeiTKqYDLilLK6T1tnkzMLMt5WcS03vuz73yqy7GsrJsWZVT0stMHzRjIWyPDWsppmlxdkAAvbjbUgKo7QiIgIiICIiAiIgIiICIiAiIgIiICIiAlkRAREQEREBERAREQEREBERAREQEREBERAREQEREBERAREQEREBERAREQEREBERAREQEREBERAREQf/2Q==",,,mobiles,Unisex,150000,5,0
6740286218d1fe9e47d77f65,Milton water bottle,stainless steel 1 litre water bottle,https://m.media-amazon.com/images/I/61G0WaxlojL.jpg, https://m.media-amazon.com/images/I/61G0WaxlojL.jpg,"https://www.jiomart.com/images/product/original/rv2m3gegxv/milton-duo-dlx-1000-maroon-thermosteel-hot-and-cold-water-bottle-1000-ml-product-images-orv2m3gegxv-p602903575-1-202307031642.jpg?im=Resize=(420,420)",https://encrypted-tbn0.gstatic.com/images?q=tbn:ANd9GcSnfaJ4c3QK6rceDIvx3lvde4zv6DLh1MKHlAxe2N45AAUmCqsDR8VqSOeE-y9jJA0lU_A&usqp=CAU,,Essentials,,600,10,0
67402aa418d1fe9e47d77f98,minimalist sunscreen spf50+,"A light weight, moisturiser-meets-sunscreen. This broad spectrum SPF 50 with PA++++ rating, has a very light texture that spreads easily & disappears leaving behind a natural, moisturised, non-shiny look. Loaded with Vitamins A, B, E & F that help repair skin and minimise damage caused by UV exposure.",https://sfycdn.speedsize.com/56385b25-4e17-4a9a-9bec-c421c18686fb/beminimalist.co/cdn/shop/files/SPF50New.jpg?crop=center&height=1260&v=1721379190&width=840,https://sfycdn.speedsize.com/56385b25-4e17-4a9a-9bec-c421c18686fb/beminimalist.co/cdn/shop/files/SPF50New.jpg?crop=center&height=1260&v=1721379190&width=840,https://sfycdn.speedsize.com/56385b25-4e17-4a9a-9bec-c421c18686fb/beminimalist.co/cdn/shop/files/SPF_50_2.png?crop=center&height=1260&v=1724763872&width=840,https://sfycdn.speedsize.com/56385b25-4e17-4a9a-9bec-c421c18686fb/beminimalist.co/cdn/shop/files/SPF_50_3.png?crop=center&height=1260&v=1724763872&width=840,,skin care,Unisex,498,10,0
67402d5c9eb3fc27a7dbe9b9,mamypoko pampers,"Pampers Premium Care Pants, Medium size baby Diapers, (7-12kg) 108 Count Softest ever Pampers Pants, Medium Size, Pack of 108",https://m.media-amazon.com/images/I/71ePuafgbmL._SX679_.jpg,https://m.media-amazon.com/images/I/71ePuafgbmL._SX679_.jpg,https://m.media-amazon.com/images/I/71gNzLtfkjL._SX679_.jpg,https://m.media-amazon.com/images/I/41piFl5ye-L._SS40_.jpg,M,baby products,Unisex,3400,25,0
67402dec9eb3fc27a7dbe9c1,boat,"boAt Nirvana Lucid w/ 32 dB ANC, Multi-Point Connectivity, in-Ear Detection, 60HRS Playback, Hearables App, 4 Mics ENx, IPX5 Truly Wireless in Ear Earbuds, TWS Ear Buds(Gunmetal Black)",https://m.media-amazon.com/images/I/61IaROWnaXL._SX679_.jpg,https://m.media-amazon.com/images/I/61IaROWnaXL._SX679_.jpg,https://m.media-amazon.com/images/I/716VIeYiW4L._SX679_.jpg,https://m.media-amazon.com/images/I/71nlzu14+aL._SX679_.jpg,,Electronics,Unisex,5000,35,0
67402eb59eb3fc27a7dbe9d3,philips airfryer,"PHILIPS Air Fryer NA120/00, uses up to 90% less fat, 1500W, 4.2 Liter, with Rapid Air Technology (Black), Large",https://m.media-amazon.com/images/I/414ly0wsjYL._SX679_.jpg,https://m.media-amazon.com/images/I/414ly0wsjYL._SX679_.jpg,https://m.media-amazon.com/images/I/41SIUVOvusL._SX679_.jpg,https://m.media-amazon.com/images/I/81Nh5vkCI6L._SX679_.jpg,,Electronics,Unisex,7000,35,0
67402f7a9eb3fc27a7dbe9e7,kulukulu mattress,"kulukulu Mattress | 10 Years Warranty | ErgoTech EcoLatex Classic Mattress, Mattress Single Bed, Natural Latex Mattress, 8-Inch Bed Mattress, Single Bed Mattress (72x36x8 Inches, Firm, 7-Zone)",https://m.media-amazon.com/images/I/61Z8-YhYwpL._SX679_.jpg,https://m.media-amazon.com/images/I/516Zof4E9gL._SX679_.jpg,https://m.media-amazon.com/images/I/61Vlp3ZlcAL._SX679_.jpg,https://m.media-amazon.com/images/I/71nYYvV0qYL._SX679_.jpg,,Essentials,Unisex,40000,50,0
6740301b9eb3fc27a7dbe9f1,pala pala new york lipstick,"pala pala New York Liquid Matte Lipstick, Long Lasting, 16hr Wear, Superstay Matte Ink, Founder, 5ml",https://m.media-amazon.com/images/I/31cU2mCEQwL._SX300_SY300_QL70_FMwebp_.jpg,https://m.media-amazon.com/images/I/31cU2mCEQwL._SX300_SY300_QL70_FMwebp_.jpg,https://m.media-amazon.com/images/I/718K-UKOzjL._SX679_.jpg,https://m.media-amazon.com/images/I/61lWE9PWb6L._SX679_.jpg,,skin care,Women,560,3,0
674030c29eb3fc27a7dbe9fb,saree,Thread Sequence Work Georgette Saree With Blouse,https://m.media-amazon.com/images/I/51CbQEqY52L.jpg,https://m.media-amazon.com/images/I/51CbQEqY52L.jpg,https://m.media-amazon.com/images/I/51AVuwMo86L.jpg,https://m.media-amazon.com/images/I/61TrUcwwcHL.jpg,,Fashion,Women,6800,9,0
674031fb9eb3fc27a7dbea03, Pressure cooker,"whistle podu Induction Base Stainless Steel Outer Lid Pressure Cooker, 2 Litres, Silver",https://m.media-amazon.com/images/I/41iTOQhNK4L._SX679_.jpg,https://m.media-amazon.com/images/I/61Kc4C3U63L._SX679_.jpg,https://m.media-amazon.com/images/I/61yH1XYylqL._SX679_.jpg,https://m.media-amazon.com/images/I/51RhO6cmAwL._SX679_.jpg,,Essentials,Unisex,3000,1,0
6740326f9eb3fc27a7dbea0b,Trimmer,"Braun Beard Trimmer for Men, BT5410, From Gillette, Style, Edge, Detail, Lifetime Sharp Blades, 39 Length Settings, 100-Min Runtime, Waterproof, 5 min Quick Charge, Precision Trimming Comb",https://m.media-amazon.com/images/I/614aGdFgIxL._SX679_.jpg,https://m.media-amazon.com/images/I/614aGdFgIxL._SX679_.jpg,https://m.media-amazon.com/images/I/51V-BEcS8QL._SX679_.jpg,https://m.media-amazon.com/images/I/61uaJ7VprUL._SX679_.jpg,,Electronics,Men,6000,10,0
674032e49eb3fc27a7dbea13,SIPPER waterbottle,"House of Quirk 1200ML Stainless Steel Tumbler Hot and Cold with Handle and Lid 2 Straw, Double Insulated Cup 100% Leak Proof Mug Cupholder for Gym, Travelling (Aurora Prism)",https://m.media-amazon.com/images/I/615RbwgmqqL._SX679_.jpg,https://m.media-amazon.com/images/I/615RbwgmqqL._SX679_.jpg,https://m.media-amazon.com/images/I/61VKztOjOyL._SX679_.jpg,https://m.media-amazon.com/images/I/61wSwRPygiL._SX679_.jpg,,Essentials,Unisex,1500,10,0
674033f89eb3fc27a7dbea23,Bipa shoes,"Boldfit Trekking Shoes for Men Hiking Shoes for Men for Outdoor High Neck Shoes for Men Anti Skid Boot Shoes for Men for Hiking, Trekking Shoes Men Water Repellent Tracking Shoes for Men - 10",https://m.media-amazon.com/images/I/41ypo9wtigL._SX300_SY300_QL70_FMwebp_.jpg,https://m.media-amazon.com/images/I/41ypo9wtigL._SX300_SY300_QL70_FMwebp_.jpg,https://m.media-amazon.com/images/I/71uJh2gVfUL._SX679_.jpg,https://m.media-amazon.com/images/I/71x-9q+lpDL._SX679_.jpg,,Fashion,Men,3500,15,0
674041199eb3fc27a7dbea37,WRIST WATCH,"Noise Diva 2 Fashion Smart Watch for Women with Sleekest Dial, AMOLED Display, Snug Fit, Improved Female Cycle Tracker, BT Calling, Sleep Tracking, AI Voice Assistance, Password Protection (Rose Link)",https://m.media-amazon.com/images/I/81Qujc-qLGL._SX679_.jpg,https://m.media-amazon.com/images/I/81Qujc-qLGL._SX679_.jpg,https://m.media-amazon.com/images/I/614fQ8wegcL._SX679_.jpg,https://m.media-amazon.com/images/I/71OB91dkGFL._SX679_.jpg,,Fashion,Women,8000,22,0
674041a19eb3fc27a7dbea41,TOYS,"Amazon Brand - Jam & Honey Elephant Tusker Ride-On, Assorted, Kid",https://m.media-amazon.com/images/I/611C+C5tkUL._SX679_.jpg,https://m.media-amazon.com/images/I/611C+C5tkUL._SX679_.jpg,https://m.media-amazon.com/images/I/61j1JjVha-L._SX679_.jpg,https://m.media-amazon.com/images/I/71xDiMJK4mL._SX679_.jpg,,baby products,,1500,10,0
674041fe9eb3fc27a7dbea49,muffler,Fitness Mantra® Beanie Cap & Muffler for Men & Women| Beanie Cap| Woolen Topaa| Winter Cap| Head & Neck Warmer| Black Color| 1 Set|,https://m.media-amazon.com/images/I/51iu3cuF7CL.jpg,https://m.media-amazon.com/images/I/51iu3cuF7CL.jpg,https://m.media-amazon.com/images/I/41F8QAUWfeL.jpg,https://m.media-amazon.com/images/I/51kemdk9XyL.jpg,,Fashion,Men,300,2,0
6740424f9eb3fc27a7dbea51,body lotion,"Parachute Advansed Deep Nourish Body Lotion for Women & Men, Dry Skin, 400ml | Pure Coconut Milk, 100% Natural, 72h Moisturisation",https://m.media-amazon.com/images/I/51atYFf5PZL._SX679_.jpg,https://m.media-amazon.com/images/I/51atYFf5PZL._SX679_.jpg,https://m.media-amazon.com/images/I/61e5cATmDpL._SX679_.jpg,https://m.media-amazon.com/images/I/61yle5P-ZnL._SX679_.jpg,,Groceries,,200,5,0
674042e29eb3fc27a7dbea5b,supplement drink,"Ensure No 1 Nutritional Supplement Drink in the world, 32 nutrients High Protein,Calcium,Vit D, Vanilla 950g/1kg, Wt may vary",https://m.media-amazon.com/images/I/61Uk9DC2ALL._SX679_.jpg,https://m.media-amazon.com/images/I/61Uk9DC2ALL._SX679_.jpg,https://m.media-amazon.com/images/I/61hp+j7fpjL._SX679_.jpg,https://m.media-amazon.com/images/I/71nYoIfLvNL._SX679_.jpg,,Essentials,,1500,5,0
674043819eb3fc27a7dbea65,zouk handbag,ZOUK Printed Women's Hand Crafted Vegan Leather Flap Sling Bag,https://m.media-amazon.com/images/I/51uCKqpxyIL._SY695_.jpg,https://m.media-amazon.com/images/I/51uCKqpxyIL._SY695_.jpg,https://m.media-amazon.com/images/I/51FjAicj3XL._SY695_.jpg,https://m.media-amazon.com/images/I/51S3cKQyCTL._SY695_.jpg,,Fashion,,1800,6,0
674172405c3711999213146c,Football Shoes,Nivia Carbonite 6.0 Football Shoes,https://m.media-amazon.com/images/I/81B+WLnCD7L._SY695_.jpg,https://m.media-amazon.com/images/I/81B+WLnCD7L._SY695_.jpg,https://m.media-amazon.com/images/I/81TdqVLIwzL._SY695_.jpg,https://m.media-amazon.com/images/I/81zLegb289L._SY695_.jpg,,Sports-Equipment,Unisex,3000,20,0
674173b65c371199921314e8,Fitness Combo,"Toyshine Fitness Combo - 6 pc Hurdles, 6 pc Stacking Cones, 10 Pc Space Markers and 1 Pc Agility Ladder ((SSTP)",https://m.media-amazon.com/images/I/71OXMdFy+rL._SX679_.jpg,https://m.media-amazon.com/images/I/71OXMdFy+rL._SX679_.jpg,https://m.media-amazon.com/images/I/61L8zP+KadL._SX679_.jpg,https://m.media-amazon.com/images/I/61G1lGECotL._SX679_.jpg,,Sports-Equipment,,6000,30,0
6741741c5c371199921314f0,Groundnut oil,"Tata Simply Better Pure and Unrefined Cold Pressed Groundnut (Peanut) Oil, Kolhu/Kacchi Ghani/Mara Chekku/Ganuga, Naturally Cholesterol Free, 5L, With Rich Aroma & Flavour of Real A1 Grade Groundnuts",https://m.media-amazon.com/images/I/619cjci8utL._SX679_.jpg,https://m.media-amazon.com/images/I/619cjci8utL._SX679_.jpg,https://m.media-amazon.com/images/I/71nuFyX6v2L._SX679_.jpg,https://m.media-amazon.com/images/I/71vK7dzzQpL._SX679_.jpg,,Groceries,,690,15,0
